time,pos_x,pos_y,pos_z,roll,pitch,yaw
8.199,0.0010327733470010085,-0.0064105677688024365,-0.40189553198934175,4.270023658615438,-0.6707872183918637,0.0
8.401,0.008030170236709723,0.008583012023755308,-1.1984628084105082,8.452426784719487,-1.32904435352497,0.0
8.602,0.025374379295040196,0.07731525460764581,-2.397435064231705,12.554579445059597,-1.9673571247977693,0.11573747461642628
8.804,0.05632616078236524,0.22560642958221322,-3.9804076205811874,16.570153227727868,-2.5924116777297974,0.23090199143772205
9.005,0.10413325593649277,0.483065871101631,-5.9573778598501095,20.619847461322212,-3.206813377451244,0.23090199143772205
9.207,0.17323419688398023,0.872292560906015,-8.298865936445615,24.476441242059575,-3.806022695018531,0.23090199143772205
9.408,0.266992723264325,1.4212274748495777,-11.019649353773573,28.48257769819308,-4.5167509946271975,0.23090199143772205
9.61,0.38762766148097805,2.1570722251514094,-14.096790189693298,32.295251958947794,-5.087545876057894,0.23090199143772205
9.812,0.5372351428782611,3.0931874620002704,-17.498626028986536,35.9171600734773,-5.651560980079807,0.23090199143772205
10.013,0.7194811988021049,4.262696999971297,-21.245967841138363,39.35775386868283,-6.198883464998474,0.23090199143772205
10.215,0.933614689808967,5.669066777404917,-25.287936887786973,42.72555071853275,-6.741831832851076,0.23090199143772205
10.416,1.1801394455208305,7.348013830720045,-29.65216388303979,46.13412691244864,-7.273893725197767,0.23090199143772205
10.618,1.4608539624100232,9.295473483248927,-34.27520850558844,49.70728248684551,-7.912224379652759,0.23090199143772205
10.819,1.7768831702459302,11.553032566467504,-39.18676271869129,53.43569529015811,-8.538083830104327,0.34663946605414836
11.021,2.1254530982002566,14.111830464651712,-44.318531242438425,56.52311921405774,-9.02940907540309,0.34663946605414836
11.222,2.5085952184322156,17.009763410030775,-49.70809583317464,59.43466703810564,-9.519607094543403,0.34663946605414836
11.424,2.9225183361724234,20.247682240541426,-55.30844131429929,62.5124791298412,-9.988497209124214,0.23090199143772208
11.626,3.366338585941755,23.81796052538364,-61.07472075160695,65.53242387504008,-10.67844972527014,0.34606650825901786
11.827,3.8550528449402175,27.741598258158916,-67.06905361438771,61.52796121832564,-11.353545122922753,0.34606650825901786
12.028,4.39441717654832,32.00533959450561,-73.30880980585039,58.17430227662267,-12.88428342100846,0.34606650825901786
12.23,4.972070392703008,36.5712950486911,-79.75340523622951,59.77446645753612,-13.427161367883523,-0.22975607584745592
12.431,5.5961804680280345,41.509645160612536,-86.45562574527526,63.954319665676785,-13.299787462779378,-0.8084434489295873
12.633,6.274013420094187,46.80159979374158,-93.33877156350192,68.7646628072363,-14.638052299678273,-1.3871308220117238
12.835,7.000247554355806,52.45001459547173,-100.40412857872745,71.4066757746614,-15.769893488865165,-1.6186057712445763
13.037,7.772102531583462,58.43704955014453,-107.57786188365303,75.35844317961902,-16.951584220794427,-2.309592872172345
13.238,8.589991111237174,64.83942419584386,-114.91443014009641,79.57737497965302,-16.66119470405666,-2.1938553975559185
13.44,9.445806049549702,71.58383476866514,-122.31560571894275,83.37836707170327,-17.74851418746265,-2.1938553975559185
13.641,10.36922051118074,78.71033551654287,-129.89383676727837,79.15042921537366,-16.727254115339807,-2.4253303467887712
13.843,11.336248727293777,86.19690917246143,-137.59298680006643,81.81807030998543,-18.991115928501845,-1.9623804483230662
14.045,12.314227772950494,93.99823868070378,-145.37117412582623,83.34890853361873,-20.303209680757895,-0.6955707632888127
14.246,13.29294716434666,102.20873663362309,-153.28674857846104,85.95687524999735,-19.637115109590074,-0.3483583394395339
14.448,14.26898731518442,110.81121647764475,-161.250992184855,90.58624557409193,-20.282248171044298,-1.6214705602202228
14.65,15.273070979215062,119.75722217871385,-169.25615487210766,93.55542018237685,-21.19171449266162,-3.464102829360955
14.851,16.31218851586779,129.14922548187505,-177.3661893343702,93.77218173833369,-18.642666213615993,-3.1168904055116764
15.053,17.385502498194885,138.85399597987666,-185.4596932105066,87.44502833804205,-15.602056486501601,-2.5410678214052025
15.254,18.501592118681742,149.000905100327,-193.63835728002283,91.22075536576267,-21.917711962293765,-3.0040177198709075
15.456,19.631456459293684,159.50969254774728,-201.81130872566828,92.29326182129216,-19.8125749757578,-2.313030618943133
15.657,20.794497646130274,170.4820244666858,-210.06313345631594,88.43531473660369,-18.24893724571392,-2.0815556697102804
15.859,22.00935639630142,181.85530794805214,-218.37203894646552,89.79220879272029,-23.741436965046077,-1.965818195093854
16.061,23.23720870985669,193.54957020018995,-226.73778982493448,88.35237469452464,-22.61119967217964,-1.2748310941660796
16.262,24.475432663232233,205.74680475771197,-235.22957010050192,92.5067816107149,-22.98439404819295,0.8084434489295748
16.464,25.73072890555196,218.26588711962393,-243.76281203897435,82.09668320031483,-19.46986928572004,1.2691015162147576
16.665,27.008461779502003,231.2327718666198,-252.42469152544612,83.02799534615616,-20.114655840681223,1.9635263639133214
16.867,28.32852729461799,244.60836203238264,-261.1931831331144,78.1397411200918,-20.36547315849481,1.384838990831195
17.069,29.714556887374385,258.3506646798496,-270.0887879107658,74.40015803165335,-21.667454303780552,1.1533640415983406
17.271,31.122440616628538,272.4142530723163,-279.0619127595895,77.82208766093697,-24.511050352573882,1.383693075240932
17.472,32.547073687763536,286.9292764931526,-288.17732436891424,79.39766158318098,-22.867064667404442,3.929917516802287
17.674,33.931664499493394,301.7301741214528,-297.35051797761776,79.77980601096137,-21.96580874351377,9.112320773760597
17.875,35.2598192112867,316.91509699266396,-306.613917937001,78.12946421355392,-21.703284688581647,16.25252081668093
18.076,36.49803323663441,332.5466266076417,-316.0591605084681,70.95172308108408,-17.56421215671943,22.502344445967896
18.278,37.631088395548836,348.444277911876,-325.59278093820456,69.33702485574022,-17.621814395491615,30.448696106637303
18.479,38.62539822028746,364.7653771023262,-335.37745834813967,64.38773116643422,-13.879960217685827,39.47621912671863
18.681,39.47521263066738,381.3787693386446,-345.3648280418405,58.59722420020418,-12.571795989731786,48.61947962141623
18.883,40.13507741720615,398.1588124718486,-355.5459858224295,54.310608919374026,-12.780051389182207,56.79616031572823
19.084,40.613063508954646,415.23825554313055,-366.04273700897966,49.8813733006894,-14.149741568399334,64.7820460642617
19.286,40.907814839852776,432.4466436693583,-376.778070321129,47.844803521469366,-13.95811126948228,70.30994287168382
19.487,41.019829494244036,449.93676566591114,-387.86628414982533,39.439342254789956,-12.068294775879878,76.44402902635446
19.689,40.93978998086571,467.50722495218594,-399.1966374824955,39.29654102635455,-14.428538024742117,82.43258390106182
19.89,40.69542742264434,485.3195885995974,-410.9295664141111,34.27081793717609,-14.325300271481906,86.71487046186957
20.092,40.28907736342344,503.18302203995563,-422.94350129162774,31.25174797459324,-15.661070071460896,91.89727371882786
20.293,39.74593716590865,521.267007227973,-435.3696876907588,28.696682104951925,-17.250269854361655,93.17038593960856
20.495,39.09297976565866,539.3989841154652,-448.09315376482135,24.0544924512802,-16.854827693354718,93.05522142278727
20.696,38.354115561540965,557.7659392627222,-461.23970582211075,21.202405112182753,-17.743626676536074,93.05522142278727
20.898,37.552211563799794,576.2763206457807,-474.7571428973942,16.786895659861376,-18.234776680952237,91.43489677815728
21.1,36.711296795995565,594.8593328036745,-488.5694916656738,13.643118769446314,-18.818139412804733,91.20456774451469
21.301,35.85392386524439,613.6953996958644,-502.8246972615955,9.0828023763846,-17.897009117591857,88.65834330295328
21.503,35.02482167799787,632.6143687766187,-517.3632214775396,6.710211308559786,-18.3415681547341,81.40297874321166
21.704,34.25774941203852,651.8068342254908,-532.327979351583,6.42157198192273,-20.613389929909594,71.44955592619908
21.906,33.621308296288944,671.0442773299666,-547.5779237819238,1.3513536043866494,-21.010890982012345,59.24211714314173
22.107,33.14214529008336,690.5004335956926,-563.2474578160394,0.12114217192078831,-23.842782283290042,44.774932816088324
22.309,32.83113098046837,710.0221350916723,-579.2562408482054,-3.1959711626298732,-24.651304635252064,32.15954808289797
22.511,32.73517052976916,729.4768798966727,-595.5130323608288,-3.369013796297597,-28.18171766842586,20.758260917589688
22.712,32.850564247279834,748.9143038424845,-612.1165556794172,-5.523357781675435,-29.356576294883254,10.393454403673068
22.913,33.19758336595098,768.406206597408,-629.1386021722975,-6.128225573122818,-31.644947110733344,3.9121558251532544
23.115,33.767833574628696,787.8623459532308,-646.5015967887831,-0.5015595031272787,-34.39513530865752,0.3242941120440085
23.317,34.542606452182085,807.2111517989157,-664.1128642519825,3.2681115404698327,-35.140461723199394,-1.7486671907393154
23.518,35.54448700169011,826.6917193941925,-682.1397362528298,8.2455197970713,-35.73344287825526,-1.2857172922736144
23.72,36.75961516593258,846.2317532426654,-700.5006704348865,11.8548732136653,-35.07363140521444,-1.0542423430407597
23.922,38.173574763143186,865.778969058942,-719.0634837819883,15.999095046316306,-35.26260735695977,-0.7087487925768724
24.123,39.80041346861724,885.5414003668038,-738.0498942413835,19.22972111734747,-34.25726093355244,-0.7087487925768724
24.325,41.629669627082684,905.3653152909642,-757.2494532876336,24.567763663601077,-35.515907826862794,-0.24809072529168932
24.526,43.64133074907238,925.4556639512462,-776.8430166929949,26.36536458063209,-34.02868820050307,0.9092840208725836
24.728,45.816675814180655,945.653735227942,-796.6142648278245,30.306087394330564,-34.77926606923217,0.7941195040512898
24.929,48.16652479234725,966.1627679305954,-816.7741304964703,32.6616213590442,-33.86751270842695,0.44690708020200803
25.131,50.679191961455196,986.8100599307968,-837.1280993596392,34.89906007631045,-32.851578774803805,0.3317425633807123
25.332,53.39519478888579,1007.7971186575612,-857.8839672986958,32.307886864698155,-31.938185979640775,-0.246944809701414
25.534,56.29396739980958,1028.9075991046066,-878.825131501184,29.56684805653024,-31.672925102179487,-0.5924383601653014
25.735,59.3795606877165,1050.3077522716715,-900.2009161689407,31.9508111874328,-30.34794255333251,-0.9396507840145831
25.937,62.63930632126297,1071.7777865532769,-921.779534792037,26.052232154767363,-29.282638698016022,-0.9396507840145831
26.138,66.1123486000602,1093.5117560309732,-943.7792172576973,21.44669745340379,-27.294074473959633,-0.9396507840145831
26.34,69.74999953586513,1115.2693984877478,-965.9877755912213,22.502474544760975,-29.048279431012418,-1.2851443344784703
26.541,73.5816674783432,1137.3018771928616,-988.6278988434073,28.00985047763225,-29.778932866560314,-0.7064569613963442
26.743,77.595176350361,1159.5301036165715,-1011.591137443754,36.12889122974457,-30.593253274604802,-0.3592445375470623
26.945,81.78491252994914,1181.829405380282,-1034.75851882688,32.49919262783846,-30.55913241212925,-0.5895735711896539
27.146,86.17245508278647,1204.4387406478775,-1058.3390361916693,36.69097023415549,-30.758647934498384,-0.5895735711896539
27.348,90.70718132057867,1227.1599069752604,-1082.0851906763705,40.22964100786414,-30.821992025913364,-0.5895735711896539
27.549,95.42759104679372,1250.23890852966,-1106.2234862678984,43.697399566290756,-30.89034680294201,-0.5895735711896539
27.751,100.2804720910641,1273.4651636513197,-1130.4992084478408,47.098282717762814,-30.95209841913161,-0.5895735711896539
27.952,105.30591794708849,1297.0885520661047,-1155.1417075295792,50.43101291635583,-31.014264811350188,-0.5895735711896539
28.154,110.44571916011675,1320.88904530241,-1179.8921357895108,53.69371951914163,-31.074693018729786,-0.5895735711896539
28.355,115.74333159946796,1345.1195117878426,-1204.982446983059,56.89570429898591,-31.135681299238033,-0.5895735711896539
28.557,121.16424322610898,1369.6753209720434,-1230.2747861679336,60.03248606595448,-31.195332469705665,-0.5895735711896539
28.759,126.67112212328769,1394.4438511714136,-1255.6260177521149,63.216018472644905,-31.251099931091673,-0.5895735711896539
28.96,132.310471893648,1419.6853956912219,-1281.2726008413938,66.11531097924421,-31.30254834766883,-0.5895735711896539
29.162,138.01661837989917,1445.1578632182093,-1306.9462906376625,69.17603903359954,-31.356975013778378,-0.5895735711896539
29.363,143.8372273952774,1471.123753027234,-1332.8855978514136,72.181790583599,-31.412551982038227,-0.5895735711896539
29.565,149.70505519180327,1497.333724545869,-1358.81757445437,75.01065922436395,-31.462471733277425,-0.5895735711896539
29.766,155.66926560045945,1524.0557910689843,-1384.9848576710867,77.7863052101038,-31.514546841912974,-0.5895735711896539
29.968,161.69111281771123,1551.1650225894139,-1411.2433583956765,80.50526899926176,-31.566737509050984,-0.5895735711896539
30.17,167.73203807255447,1578.5278330085537,-1437.4471068729954,83.16882308427515,-31.61739231664398,-0.5895735711896539
30.371,173.84250753266738,1606.422185452832,-1463.8417496410548,85.78130579281678,-31.668683972559716,-0.5895735711896539
30.573,179.98308891187722,1634.7147670085483,-1490.2823577915344,88.34036957032045,-31.720106370691262,-0.5895735711896539
30.775,186.11333009054334,1663.2648497512062,-1516.6209298131814,90.95892785783586,-31.763875034157408,-0.5895735711896539
30.976,192.28475114228283,1692.3584912039532,-1543.1049679372811,93.52786191916326,-31.81107913745053,-0.5895735711896539
31.178,198.42698765628998,1721.7059716391768,-1569.457335508204,95.92862558230463,-31.85221624702712,-0.5895735711896539
31.379,204.59404491028667,1751.6019319819636,-1595.9264820707717,98.288255584324,-31.898576450962533,-0.5895735711896539
